model_id,branch,role,family,config,source_features,threshold,signal,score_direction,model_version,model_artifact_sha256,preprocessing_state_sha256,config_source
FORTIGATE-U1,BRANCH_A,real-log anomaly scoring,ISOLATION_FOREST,"""""",,,,HIGHER_MORE_ANOMALOUS,,,,
FORTIGATE-U2,BRANCH_A,real-log anomaly scoring,MINIBATCHKMEANS_DISTANCE_SCORER,"{""batch_size"":1024,""compute_labels"":false,""init"":""k-means++"",""init_size"":3072,""max_iter"":100,""max_no_improvement"":10,""n_clusters"":32,""n_init"":3,""random_state"":1729,""reassignment_ratio"":0.01,""score_batch_size"":4096,""tol"":0.0}",,,,HIGHER_MORE_ANOMALOUS,,,,
UNSW-U1-BENCHMARK,BRANCH_B,Stage 2.2 benchmark unsupervised U1,ISOLATION_FOREST,"{""bootstrap"":false,""contamination"":""auto"",""max_features"":1.0,""max_samples"":4096,""n_estimators"":200,""n_jobs"":1,""random_state"":1729,""warm_start"":false}",,,,HIGHER_MORE_ANOMALOUS,,,,
UNSW-U2-BENCHMARK,BRANCH_B,Stage 2.2 benchmark unsupervised U2,MINIBATCHKMEANS_DISTANCE_SCORER,"{""batch_size"":1024,""compute_labels"":false,""init"":""k-means++"",""init_size"":3072,""max_iter"":100,""max_no_improvement"":10,""n_clusters"":32,""n_init"":3,""random_state"":1729,""reassignment_ratio"":0.01,""score_batch_size"":4096,""tol"":0.0}",,,,HIGHER_MORE_ANOMALOUS,,,,
BASE-S1,BRANCH_B,frozen supervised baseline,LOGISTIC_REGRESSION,"{""C"":1.0,""class_weight"":null,""dual"":false,""fit_intercept"":true,""intercept_scaling"":1,""l1_ratio"":0.0,""max_iter"":1000,""n_jobs"":null,""penalty"":""deprecated"",""random_state"":1729,""solver"":""lbfgs"",""tol"":0.0001,""verbose"":0,""warm_start"":false}",,0.5,,,,fc8f6bf60210b4dd499b09fc300487dcbe345b26d2d6ea983ee1862ac75e58d8,1883e03e1b765c9153580e20ef66924a03ca2e70181d0b174c805d5fd26ec8b5,
BASE-S2,BRANCH_B,frozen supervised baseline,RANDOM_FOREST,"{""bootstrap"":true,""ccp_alpha"":0.0,""class_weight"":null,""criterion"":""gini"",""max_depth"":16,""max_features"":""sqrt"",""max_leaf_nodes"":1024,""max_samples"":null,""min_impurity_decrease"":0.0,""min_samples_leaf"":2,""min_samples_split"":2,""min_weight_fraction_leaf"":0.0,""monotonic_cst"":null,""n_estimators"":150,""n_jobs"":1,""oob_score"":false,""random_state"":1729,""verbose"":0,""warm_start"":false}",,0.5,,,,e3e56eaf42331d708d458ab7b824d7df14e61e3c5329a04414e87e9bfcfa5b8d,1883e03e1b765c9153580e20ef66924a03ca2e70181d0b174c805d5fd26ec8b5,
CHAIN-S1,BRANCH_B,,LOGISTIC_REGRESSION,"{""C"":1.0}",28 BASE + U1 + U2,0.5,,,,c6804fd84dd37194516b0172c80fb5cea026535912c95547ed0b9b6cd44e3407,,
CHAIN-S2,BRANCH_B,,RANDOM_FOREST,"{""bootstrap"":true,""ccp_alpha"":0.0,""class_weight"":null,""criterion"":""gini"",""max_depth"":16,""max_features"":""sqrt"",""max_leaf_nodes"":1024,""max_samples"":null,""min_impurity_decrease"":0.0,""min_samples_leaf"":2,""min_samples_split"":2,""min_weight_fraction_leaf"":0.0,""monotonic_cst"":null,""n_estimators"":150,""n_jobs"":1,""oob_score"":false,""random_state"":1729,""verbose"":0,""warm_start"":false}",28 BASE + U1 + U2,0.5,,,,2c63616e07de846f1b78f8fdc98a57af51ea31483e2d8ca46d2e16ade3cbcd39,,frozen Stage 2.3 S2_CONFIG
U1,BRANCH_B,Stage 2.4 chain inference U1,ISOLATION_FOREST,"{""bootstrap"":false,""contamination"":""auto"",""max_features"":1.0,""max_samples"":4096,""n_estimators"":200,""n_jobs"":1,""random_state"":1729,""warm_start"":false}",,,negative score_samples,HIGHER = MORE ANOMALOUS,stage_2.4b-u1/1.0,cef2039b630def37ce8a18178656965aece0de525250b51858f1081a35814982,1883e03e1b765c9153580e20ef66924a03ca2e70181d0b174c805d5fd26ec8b5,
U2,BRANCH_B,Stage 2.4 chain inference U2,MINIBATCHKMEANS_DISTANCE_SCORER,"{""batch_size"":1024,""compute_labels"":false,""init"":""k-means++"",""init_size"":3072,""max_iter"":100,""max_no_improvement"":10,""n_clusters"":32,""n_init"":3,""random_state"":1729,""reassignment_ratio"":0.01,""score_batch_size"":4096,""tol"":0.0}",,,nearest-centroid squared distance,HIGHER = MORE ANOMALOUS,stage_2.4b-u2/1.0,03f7df6a90cc9da8e1bc89cd7b0ded8876cd89c223e7584a9f1ec3430f1686e4,1883e03e1b765c9153580e20ef66924a03ca2e70181d0b174c805d5fd26ec8b5,
