dataset,branch,population,model,metric,value,row_count,interpretation,source_path,source_sha256
FORTIGATE_REAL_LOG,BRANCH_A,REFERENCE_DESCRIPTIVE,FORTIGATE-U1,alert_fraction,0.00990656309805246,79947,Descriptive anomaly review aggregate; not attack probability.,data/processed/stage_2_2/fortigate/v1/fortigate_u1_u2_comparison.json,708c3d188ed7034f3141c195ed137bb630218bee3a199c48366c49ae29e06d32
FORTIGATE_REAL_LOG,BRANCH_A,REFERENCE_DESCRIPTIVE,FORTIGATE-U2,alert_fraction,0.006904574280460805,79947,Descriptive anomaly review aggregate; not attack probability.,data/processed/stage_2_2/fortigate/v1/fortigate_u1_u2_comparison.json,708c3d188ed7034f3141c195ed137bb630218bee3a199c48366c49ae29e06d32
FORTIGATE_REAL_LOG,BRANCH_A,HOLDOUT,FORTIGATE-U1,alert_fraction,0.008327930982895327,20053,Descriptive anomaly review aggregate; not attack probability.,data/processed/stage_2_2/fortigate/v1/fortigate_u1_u2_comparison.json,708c3d188ed7034f3141c195ed137bb630218bee3a199c48366c49ae29e06d32
FORTIGATE_REAL_LOG,BRANCH_A,HOLDOUT,FORTIGATE-U2,alert_fraction,0.005834538473046427,20053,Descriptive anomaly review aggregate; not attack probability.,data/processed/stage_2_2/fortigate/v1/fortigate_u1_u2_comparison.json,708c3d188ed7034f3141c195ed137bb630218bee3a199c48366c49ae29e06d32
FORTIGATE_REAL_LOG,BRANCH_A,ALL_ROWS_DESCRIPTIVE,FORTIGATE-U1,alert_fraction,0.00959,100000,Descriptive anomaly review aggregate; not attack probability.,data/processed/stage_2_2/fortigate/v1/fortigate_u1_u2_comparison.json,708c3d188ed7034f3141c195ed137bb630218bee3a199c48366c49ae29e06d32
FORTIGATE_REAL_LOG,BRANCH_A,ALL_ROWS_DESCRIPTIVE,FORTIGATE-U2,alert_fraction,0.00669,100000,Descriptive anomaly review aggregate; not attack probability.,data/processed/stage_2_2/fortigate/v1/fortigate_u1_u2_comparison.json,708c3d188ed7034f3141c195ed137bb630218bee3a199c48366c49ae29e06d32
UNSW_NB15_BENCHMARK,BRANCH_B,VALIDATION_COMPARISON,UNSW-U1,Stage 2.2 PR_AUC_AP,0.6341041556993354,17529,Benchmark anomaly evaluation; ANOMALY != ATTACK.,data/unsw_nb15/processed/stage_2_2/v1/validation/unsw_u1_validation_metrics.json,2728a9a9968244fd43bd26cb20e3d5d6cca44346dbd39dbfeb42a7ffec27c876
UNSW_NB15_BENCHMARK,BRANCH_B,VALIDATION_COMPARISON,UNSW-U1,ROC-AUC,0.18916624994768214,17529,Benchmark anomaly evaluation; ANOMALY != ATTACK.,data/unsw_nb15/processed/stage_2_2/v1/validation/unsw_u1_validation_metrics.json,2728a9a9968244fd43bd26cb20e3d5d6cca44346dbd39dbfeb42a7ffec27c876
UNSW_NB15_BENCHMARK,BRANCH_B,VALIDATION_COMPARISON,UNSW-U1,Accuracy,0.7318158480232757,17529,Benchmark anomaly evaluation; ANOMALY != ATTACK.,data/unsw_nb15/processed/stage_2_2/v1/validation/unsw_u1_validation_metrics.json,2728a9a9968244fd43bd26cb20e3d5d6cca44346dbd39dbfeb42a7ffec27c876
UNSW_NB15_BENCHMARK,BRANCH_B,VALIDATION_COMPARISON,UNSW-U1,Precision,0.7318158480232757,17529,Benchmark anomaly evaluation; ANOMALY != ATTACK.,data/unsw_nb15/processed/stage_2_2/v1/validation/unsw_u1_validation_metrics.json,2728a9a9968244fd43bd26cb20e3d5d6cca44346dbd39dbfeb42a7ffec27c876
UNSW_NB15_BENCHMARK,BRANCH_B,VALIDATION_COMPARISON,UNSW-U1,Recall,1.0,17529,Benchmark anomaly evaluation; ANOMALY != ATTACK.,data/unsw_nb15/processed/stage_2_2/v1/validation/unsw_u1_validation_metrics.json,2728a9a9968244fd43bd26cb20e3d5d6cca44346dbd39dbfeb42a7ffec27c876
UNSW_NB15_BENCHMARK,BRANCH_B,VALIDATION_COMPARISON,UNSW-U1,F1,0.8451428006720032,17529,Benchmark anomaly evaluation; ANOMALY != ATTACK.,data/unsw_nb15/processed/stage_2_2/v1/validation/unsw_u1_validation_metrics.json,2728a9a9968244fd43bd26cb20e3d5d6cca44346dbd39dbfeb42a7ffec27c876
UNSW_NB15_BENCHMARK,BRANCH_B,VALIDATION_COMPARISON,UNSW-U1,True positives,12828,17529,Benchmark anomaly evaluation; ANOMALY != ATTACK.,data/unsw_nb15/processed/stage_2_2/v1/validation/unsw_u1_validation_metrics.json,2728a9a9968244fd43bd26cb20e3d5d6cca44346dbd39dbfeb42a7ffec27c876
UNSW_NB15_BENCHMARK,BRANCH_B,VALIDATION_COMPARISON,UNSW-U1,False positives,4701,17529,Benchmark anomaly evaluation; ANOMALY != ATTACK.,data/unsw_nb15/processed/stage_2_2/v1/validation/unsw_u1_validation_metrics.json,2728a9a9968244fd43bd26cb20e3d5d6cca44346dbd39dbfeb42a7ffec27c876
UNSW_NB15_BENCHMARK,BRANCH_B,VALIDATION_COMPARISON,UNSW-U1,True negatives,0,17529,Benchmark anomaly evaluation; ANOMALY != ATTACK.,data/unsw_nb15/processed/stage_2_2/v1/validation/unsw_u1_validation_metrics.json,2728a9a9968244fd43bd26cb20e3d5d6cca44346dbd39dbfeb42a7ffec27c876
UNSW_NB15_BENCHMARK,BRANCH_B,VALIDATION_COMPARISON,UNSW-U1,False negatives,0,17529,Benchmark anomaly evaluation; ANOMALY != ATTACK.,data/unsw_nb15/processed/stage_2_2/v1/validation/unsw_u1_validation_metrics.json,2728a9a9968244fd43bd26cb20e3d5d6cca44346dbd39dbfeb42a7ffec27c876
UNSW_NB15_BENCHMARK,BRANCH_B,VALIDATION_COMPARISON,UNSW-U1,Row count,17529,17529,Benchmark anomaly evaluation; ANOMALY != ATTACK.,data/unsw_nb15/processed/stage_2_2/v1/validation/unsw_u1_validation_metrics.json,2728a9a9968244fd43bd26cb20e3d5d6cca44346dbd39dbfeb42a7ffec27c876
UNSW_NB15_BENCHMARK,BRANCH_B,VALIDATION_COMPARISON,UNSW-U1,Decision threshold,0.31137186228108904,17529,Benchmark anomaly evaluation; ANOMALY != ATTACK.,data/unsw_nb15/processed/stage_2_2/v1/validation/unsw_u1_validation_metrics.json,2728a9a9968244fd43bd26cb20e3d5d6cca44346dbd39dbfeb42a7ffec27c876
UNSW_NB15_BENCHMARK,BRANCH_B,OFFICIAL_TEST_ALL_ROWS,UNSW-U1,Stage 2.2 PR_AUC_AP,0.4354768371146732,82332,Benchmark anomaly evaluation; ANOMALY != ATTACK.,data/unsw_nb15/processed/stage_2_2/v1/test_evaluation/unsw_u1_test_metrics.json,ed4932d80701d25c726cd429da52309e0d3965e640e497e618b0ac2569779e66
UNSW_NB15_BENCHMARK,BRANCH_B,OFFICIAL_TEST_ALL_ROWS,UNSW-U1,ROC-AUC,0.25807613498966187,82332,Benchmark anomaly evaluation; ANOMALY != ATTACK.,data/unsw_nb15/processed/stage_2_2/v1/test_evaluation/unsw_u1_test_metrics.json,ed4932d80701d25c726cd429da52309e0d3965e640e497e618b0ac2569779e66
UNSW_NB15_BENCHMARK,BRANCH_B,OFFICIAL_TEST_ALL_ROWS,UNSW-U1,Accuracy,0.5506000097167566,82332,Benchmark anomaly evaluation; ANOMALY != ATTACK.,data/unsw_nb15/processed/stage_2_2/v1/test_evaluation/unsw_u1_test_metrics.json,ed4932d80701d25c726cd429da52309e0d3965e640e497e618b0ac2569779e66
UNSW_NB15_BENCHMARK,BRANCH_B,OFFICIAL_TEST_ALL_ROWS,UNSW-U1,Precision,0.5506000097167566,82332,Benchmark anomaly evaluation; ANOMALY != ATTACK.,data/unsw_nb15/processed/stage_2_2/v1/test_evaluation/unsw_u1_test_metrics.json,ed4932d80701d25c726cd429da52309e0d3965e640e497e618b0ac2569779e66
UNSW_NB15_BENCHMARK,BRANCH_B,OFFICIAL_TEST_ALL_ROWS,UNSW-U1,Recall,1.0,82332,Benchmark anomaly evaluation; ANOMALY != ATTACK.,data/unsw_nb15/processed/stage_2_2/v1/test_evaluation/unsw_u1_test_metrics.json,ed4932d80701d25c726cd429da52309e0d3965e640e497e618b0ac2569779e66
UNSW_NB15_BENCHMARK,BRANCH_B,OFFICIAL_TEST_ALL_ROWS,UNSW-U1,F1,0.710176713873919,82332,Benchmark anomaly evaluation; ANOMALY != ATTACK.,data/unsw_nb15/processed/stage_2_2/v1/test_evaluation/unsw_u1_test_metrics.json,ed4932d80701d25c726cd429da52309e0d3965e640e497e618b0ac2569779e66
UNSW_NB15_BENCHMARK,BRANCH_B,OFFICIAL_TEST_ALL_ROWS,UNSW-U1,True positives,45332,82332,Benchmark anomaly evaluation; ANOMALY != ATTACK.,data/unsw_nb15/processed/stage_2_2/v1/test_evaluation/unsw_u1_test_metrics.json,ed4932d80701d25c726cd429da52309e0d3965e640e497e618b0ac2569779e66
UNSW_NB15_BENCHMARK,BRANCH_B,OFFICIAL_TEST_ALL_ROWS,UNSW-U1,False positives,37000,82332,Benchmark anomaly evaluation; ANOMALY != ATTACK.,data/unsw_nb15/processed/stage_2_2/v1/test_evaluation/unsw_u1_test_metrics.json,ed4932d80701d25c726cd429da52309e0d3965e640e497e618b0ac2569779e66
UNSW_NB15_BENCHMARK,BRANCH_B,OFFICIAL_TEST_ALL_ROWS,UNSW-U1,True negatives,0,82332,Benchmark anomaly evaluation; ANOMALY != ATTACK.,data/unsw_nb15/processed/stage_2_2/v1/test_evaluation/unsw_u1_test_metrics.json,ed4932d80701d25c726cd429da52309e0d3965e640e497e618b0ac2569779e66
UNSW_NB15_BENCHMARK,BRANCH_B,OFFICIAL_TEST_ALL_ROWS,UNSW-U1,False negatives,0,82332,Benchmark anomaly evaluation; ANOMALY != ATTACK.,data/unsw_nb15/processed/stage_2_2/v1/test_evaluation/unsw_u1_test_metrics.json,ed4932d80701d25c726cd429da52309e0d3965e640e497e618b0ac2569779e66
UNSW_NB15_BENCHMARK,BRANCH_B,OFFICIAL_TEST_ALL_ROWS,UNSW-U1,Row count,82332,82332,Benchmark anomaly evaluation; ANOMALY != ATTACK.,data/unsw_nb15/processed/stage_2_2/v1/test_evaluation/unsw_u1_test_metrics.json,ed4932d80701d25c726cd429da52309e0d3965e640e497e618b0ac2569779e66
UNSW_NB15_BENCHMARK,BRANCH_B,OFFICIAL_TEST_ALL_ROWS,UNSW-U1,Decision threshold,0.31137186228108904,82332,Benchmark anomaly evaluation; ANOMALY != ATTACK.,data/unsw_nb15/processed/stage_2_2/v1/test_evaluation/unsw_u1_test_metrics.json,ed4932d80701d25c726cd429da52309e0d3965e640e497e618b0ac2569779e66
UNSW_NB15_BENCHMARK,BRANCH_B,VALIDATION_COMPARISON,UNSW-U2,Stage 2.2 PR_AUC_AP,0.6911141511660387,17529,Benchmark anomaly evaluation; ANOMALY != ATTACK.,data/unsw_nb15/processed/stage_2_2/v1/validation/unsw_u2_validation_metrics.json,051688b3ef301b6c006c8a8fcf01fd00adfd6e46ef353bf369081c418e735806
UNSW_NB15_BENCHMARK,BRANCH_B,VALIDATION_COMPARISON,UNSW-U2,ROC-AUC,0.3147394831437585,17529,Benchmark anomaly evaluation; ANOMALY != ATTACK.,data/unsw_nb15/processed/stage_2_2/v1/validation/unsw_u2_validation_metrics.json,051688b3ef301b6c006c8a8fcf01fd00adfd6e46ef353bf369081c418e735806
UNSW_NB15_BENCHMARK,BRANCH_B,VALIDATION_COMPARISON,UNSW-U2,Accuracy,0.3819955502310457,17529,Benchmark anomaly evaluation; ANOMALY != ATTACK.,data/unsw_nb15/processed/stage_2_2/v1/validation/unsw_u2_validation_metrics.json,051688b3ef301b6c006c8a8fcf01fd00adfd6e46ef353bf369081c418e735806
UNSW_NB15_BENCHMARK,BRANCH_B,VALIDATION_COMPARISON,UNSW-U2,Precision,0.5989485170122012,17529,Benchmark anomaly evaluation; ANOMALY != ATTACK.,data/unsw_nb15/processed/stage_2_2/v1/validation/unsw_u2_validation_metrics.json,051688b3ef301b6c006c8a8fcf01fd00adfd6e46ef353bf369081c418e735806
UNSW_NB15_BENCHMARK,BRANCH_B,VALIDATION_COMPARISON,UNSW-U2,Recall,0.4706891175553477,17529,Benchmark anomaly evaluation; ANOMALY != ATTACK.,data/unsw_nb15/processed/stage_2_2/v1/validation/unsw_u2_validation_metrics.json,051688b3ef301b6c006c8a8fcf01fd00adfd6e46ef353bf369081c418e735806
UNSW_NB15_BENCHMARK,BRANCH_B,VALIDATION_COMPARISON,UNSW-U2,F1,0.5271290759090314,17529,Benchmark anomaly evaluation; ANOMALY != ATTACK.,data/unsw_nb15/processed/stage_2_2/v1/validation/unsw_u2_validation_metrics.json,051688b3ef301b6c006c8a8fcf01fd00adfd6e46ef353bf369081c418e735806
UNSW_NB15_BENCHMARK,BRANCH_B,VALIDATION_COMPARISON,UNSW-U2,True positives,6038,17529,Benchmark anomaly evaluation; ANOMALY != ATTACK.,data/unsw_nb15/processed/stage_2_2/v1/validation/unsw_u2_validation_metrics.json,051688b3ef301b6c006c8a8fcf01fd00adfd6e46ef353bf369081c418e735806
UNSW_NB15_BENCHMARK,BRANCH_B,VALIDATION_COMPARISON,UNSW-U2,False positives,4043,17529,Benchmark anomaly evaluation; ANOMALY != ATTACK.,data/unsw_nb15/processed/stage_2_2/v1/validation/unsw_u2_validation_metrics.json,051688b3ef301b6c006c8a8fcf01fd00adfd6e46ef353bf369081c418e735806
UNSW_NB15_BENCHMARK,BRANCH_B,VALIDATION_COMPARISON,UNSW-U2,True negatives,658,17529,Benchmark anomaly evaluation; ANOMALY != ATTACK.,data/unsw_nb15/processed/stage_2_2/v1/validation/unsw_u2_validation_metrics.json,051688b3ef301b6c006c8a8fcf01fd00adfd6e46ef353bf369081c418e735806
UNSW_NB15_BENCHMARK,BRANCH_B,VALIDATION_COMPARISON,UNSW-U2,False negatives,6790,17529,Benchmark anomaly evaluation; ANOMALY != ATTACK.,data/unsw_nb15/processed/stage_2_2/v1/validation/unsw_u2_validation_metrics.json,051688b3ef301b6c006c8a8fcf01fd00adfd6e46ef353bf369081c418e735806
UNSW_NB15_BENCHMARK,BRANCH_B,VALIDATION_COMPARISON,UNSW-U2,Row count,17529,17529,Benchmark anomaly evaluation; ANOMALY != ATTACK.,data/unsw_nb15/processed/stage_2_2/v1/validation/unsw_u2_validation_metrics.json,051688b3ef301b6c006c8a8fcf01fd00adfd6e46ef353bf369081c418e735806
UNSW_NB15_BENCHMARK,BRANCH_B,VALIDATION_COMPARISON,UNSW-U2,Decision threshold,0.020132336051460697,17529,Benchmark anomaly evaluation; ANOMALY != ATTACK.,data/unsw_nb15/processed/stage_2_2/v1/validation/unsw_u2_validation_metrics.json,051688b3ef301b6c006c8a8fcf01fd00adfd6e46ef353bf369081c418e735806
UNSW_NB15_BENCHMARK,BRANCH_B,OFFICIAL_TEST_ALL_ROWS,UNSW-U2,Stage 2.2 PR_AUC_AP,0.4556855668378132,82332,Benchmark anomaly evaluation; ANOMALY != ATTACK.,data/unsw_nb15/processed/stage_2_2/v1/test_evaluation/unsw_u2_test_metrics.json,e32b5d6d1e90af52d6bb09d1a5927a71903eaee3ccae370a9862427fc49da83f
UNSW_NB15_BENCHMARK,BRANCH_B,OFFICIAL_TEST_ALL_ROWS,UNSW-U2,ROC-AUC,0.3236180247352267,82332,Benchmark anomaly evaluation; ANOMALY != ATTACK.,data/unsw_nb15/processed/stage_2_2/v1/test_evaluation/unsw_u2_test_metrics.json,e32b5d6d1e90af52d6bb09d1a5927a71903eaee3ccae370a9862427fc49da83f
UNSW_NB15_BENCHMARK,BRANCH_B,OFFICIAL_TEST_ALL_ROWS,UNSW-U2,Accuracy,0.37323276490307533,82332,Benchmark anomaly evaluation; ANOMALY != ATTACK.,data/unsw_nb15/processed/stage_2_2/v1/test_evaluation/unsw_u2_test_metrics.json,e32b5d6d1e90af52d6bb09d1a5927a71903eaee3ccae370a9862427fc49da83f
UNSW_NB15_BENCHMARK,BRANCH_B,OFFICIAL_TEST_ALL_ROWS,UNSW-U2,Precision,0.44920704346276585,82332,Benchmark anomaly evaluation; ANOMALY != ATTACK.,data/unsw_nb15/processed/stage_2_2/v1/test_evaluation/unsw_u2_test_metrics.json,e32b5d6d1e90af52d6bb09d1a5927a71903eaee3ccae370a9862427fc49da83f
UNSW_NB15_BENCHMARK,BRANCH_B,OFFICIAL_TEST_ALL_ROWS,UNSW-U2,Recall,0.6117091679167034,82332,Benchmark anomaly evaluation; ANOMALY != ATTACK.,data/unsw_nb15/processed/stage_2_2/v1/test_evaluation/unsw_u2_test_metrics.json,e32b5d6d1e90af52d6bb09d1a5927a71903eaee3ccae370a9862427fc49da83f
UNSW_NB15_BENCHMARK,BRANCH_B,OFFICIAL_TEST_ALL_ROWS,UNSW-U2,F1,0.5180127588429243,82332,Benchmark anomaly evaluation; ANOMALY != ATTACK.,data/unsw_nb15/processed/stage_2_2/v1/test_evaluation/unsw_u2_test_metrics.json,e32b5d6d1e90af52d6bb09d1a5927a71903eaee3ccae370a9862427fc49da83f
UNSW_NB15_BENCHMARK,BRANCH_B,OFFICIAL_TEST_ALL_ROWS,UNSW-U2,True positives,27730,82332,Benchmark anomaly evaluation; ANOMALY != ATTACK.,data/unsw_nb15/processed/stage_2_2/v1/test_evaluation/unsw_u2_test_metrics.json,e32b5d6d1e90af52d6bb09d1a5927a71903eaee3ccae370a9862427fc49da83f
UNSW_NB15_BENCHMARK,BRANCH_B,OFFICIAL_TEST_ALL_ROWS,UNSW-U2,False positives,34001,82332,Benchmark anomaly evaluation; ANOMALY != ATTACK.,data/unsw_nb15/processed/stage_2_2/v1/test_evaluation/unsw_u2_test_metrics.json,e32b5d6d1e90af52d6bb09d1a5927a71903eaee3ccae370a9862427fc49da83f
UNSW_NB15_BENCHMARK,BRANCH_B,OFFICIAL_TEST_ALL_ROWS,UNSW-U2,True negatives,2999,82332,Benchmark anomaly evaluation; ANOMALY != ATTACK.,data/unsw_nb15/processed/stage_2_2/v1/test_evaluation/unsw_u2_test_metrics.json,e32b5d6d1e90af52d6bb09d1a5927a71903eaee3ccae370a9862427fc49da83f
UNSW_NB15_BENCHMARK,BRANCH_B,OFFICIAL_TEST_ALL_ROWS,UNSW-U2,False negatives,17602,82332,Benchmark anomaly evaluation; ANOMALY != ATTACK.,data/unsw_nb15/processed/stage_2_2/v1/test_evaluation/unsw_u2_test_metrics.json,e32b5d6d1e90af52d6bb09d1a5927a71903eaee3ccae370a9862427fc49da83f
UNSW_NB15_BENCHMARK,BRANCH_B,OFFICIAL_TEST_ALL_ROWS,UNSW-U2,Row count,82332,82332,Benchmark anomaly evaluation; ANOMALY != ATTACK.,data/unsw_nb15/processed/stage_2_2/v1/test_evaluation/unsw_u2_test_metrics.json,e32b5d6d1e90af52d6bb09d1a5927a71903eaee3ccae370a9862427fc49da83f
UNSW_NB15_BENCHMARK,BRANCH_B,OFFICIAL_TEST_ALL_ROWS,UNSW-U2,Decision threshold,0.020132336051460697,82332,Benchmark anomaly evaluation; ANOMALY != ATTACK.,data/unsw_nb15/processed/stage_2_2/v1/test_evaluation/unsw_u2_test_metrics.json,e32b5d6d1e90af52d6bb09d1a5927a71903eaee3ccae370a9862427fc49da83f
