dataset,branch,population,model,metric,value,threshold,implementation,positive_class,score,frozen_preference,source_path,source_sha256
UNSW_NB15_BENCHMARK,BRANCH_B,VALIDATION_COMPARISON,BASE-S1,Average Precision (AP),0.9939231496371828,0.5,sklearn.metrics.average_precision_score,ATTACK = 1,p_attack,S2,data/unsw_nb15/processed/stage_2_4/v1/reports/chain_s1_development.json,f2dde13535e028823565780b254d9702b347eb307841f7abee4ac7365bf41a03
UNSW_NB15_BENCHMARK,BRANCH_B,VALIDATION_COMPARISON,BASE-S2,Average Precision (AP),0.9968637967521546,0.5,sklearn.metrics.average_precision_score,ATTACK = 1,p_attack,S2,data/unsw_nb15/processed/stage_2_4/v1/reports/chain_s2_development.json,dd511b5bb903de5536c8e2f3c43f8cad44b95194ad5623431875503c2d9e7f53
UNSW_NB15_BENCHMARK,BRANCH_B,OFFICIAL_TEST_ALL_ROWS,BASE-S1,Average Precision (AP),0.9650555012702602,0.5,sklearn.metrics.average_precision_score,ATTACK = 1,p_attack,S2,data/unsw_nb15/processed/stage_2_3/v1/test_evaluation/unsw_s1_test_metrics.json,6cb059bff15743e1611ce80a20590e1c87bbcbc5c389feaf2610d15ac5fe7918
UNSW_NB15_BENCHMARK,BRANCH_B,OFFICIAL_TEST_ALL_ROWS,BASE-S1,ROC-AUC,0.952892474381202,0.5,sklearn.metrics.roc_auc_score,ATTACK = 1,p_attack,S2,data/unsw_nb15/processed/stage_2_3/v1/test_evaluation/unsw_s1_test_metrics.json,6cb059bff15743e1611ce80a20590e1c87bbcbc5c389feaf2610d15ac5fe7918
UNSW_NB15_BENCHMARK,BRANCH_B,OFFICIAL_TEST_ALL_ROWS,BASE-S1,Accuracy,0.8097459068163048,0.5,source-artifact-value,ATTACK = 1,p_attack,S2,data/unsw_nb15/processed/stage_2_3/v1/test_evaluation/unsw_s1_test_metrics.json,6cb059bff15743e1611ce80a20590e1c87bbcbc5c389feaf2610d15ac5fe7918
UNSW_NB15_BENCHMARK,BRANCH_B,OFFICIAL_TEST_ALL_ROWS,BASE-S1,Precision,0.7478778156540338,0.5,source-artifact-value,ATTACK = 1,p_attack,S2,data/unsw_nb15/processed/stage_2_3/v1/test_evaluation/unsw_s1_test_metrics.json,6cb059bff15743e1611ce80a20590e1c87bbcbc5c389feaf2610d15ac5fe7918
UNSW_NB15_BENCHMARK,BRANCH_B,OFFICIAL_TEST_ALL_ROWS,BASE-S1,Recall,0.9872937439336451,0.5,source-artifact-value,ATTACK = 1,p_attack,S2,data/unsw_nb15/processed/stage_2_3/v1/test_evaluation/unsw_s1_test_metrics.json,6cb059bff15743e1611ce80a20590e1c87bbcbc5c389feaf2610d15ac5fe7918
UNSW_NB15_BENCHMARK,BRANCH_B,OFFICIAL_TEST_ALL_ROWS,BASE-S1,F1,0.8510686848710732,0.5,source-artifact-value,ATTACK = 1,p_attack,S2,data/unsw_nb15/processed/stage_2_3/v1/test_evaluation/unsw_s1_test_metrics.json,6cb059bff15743e1611ce80a20590e1c87bbcbc5c389feaf2610d15ac5fe7918
UNSW_NB15_BENCHMARK,BRANCH_B,OFFICIAL_TEST_ALL_ROWS,BASE-S1,Row count,82332,0.5,source-artifact-value,ATTACK = 1,p_attack,S2,data/unsw_nb15/processed/stage_2_3/v1/test_evaluation/unsw_s1_test_metrics.json,6cb059bff15743e1611ce80a20590e1c87bbcbc5c389feaf2610d15ac5fe7918
UNSW_NB15_BENCHMARK,BRANCH_B,OFFICIAL_TEST_ALL_ROWS,BASE-S1,Decision threshold,0.5,0.5,source-artifact-value,ATTACK = 1,p_attack,S2,data/unsw_nb15/processed/stage_2_3/v1/test_evaluation/unsw_s1_test_metrics.json,6cb059bff15743e1611ce80a20590e1c87bbcbc5c389feaf2610d15ac5fe7918
UNSW_NB15_BENCHMARK,BRANCH_B,OFFICIAL_TEST_ALL_ROWS,BASE-S1,fn,576,0.5,source-artifact-value,ATTACK = 1,p_attack,S2,data/unsw_nb15/processed/stage_2_3/v1/test_evaluation/unsw_s1_test_metrics.json,6cb059bff15743e1611ce80a20590e1c87bbcbc5c389feaf2610d15ac5fe7918
UNSW_NB15_BENCHMARK,BRANCH_B,OFFICIAL_TEST_ALL_ROWS,BASE-S1,fp,15088,0.5,source-artifact-value,ATTACK = 1,p_attack,S2,data/unsw_nb15/processed/stage_2_3/v1/test_evaluation/unsw_s1_test_metrics.json,6cb059bff15743e1611ce80a20590e1c87bbcbc5c389feaf2610d15ac5fe7918
UNSW_NB15_BENCHMARK,BRANCH_B,OFFICIAL_TEST_ALL_ROWS,BASE-S1,tn,21912,0.5,source-artifact-value,ATTACK = 1,p_attack,S2,data/unsw_nb15/processed/stage_2_3/v1/test_evaluation/unsw_s1_test_metrics.json,6cb059bff15743e1611ce80a20590e1c87bbcbc5c389feaf2610d15ac5fe7918
UNSW_NB15_BENCHMARK,BRANCH_B,OFFICIAL_TEST_ALL_ROWS,BASE-S1,tp,44756,0.5,source-artifact-value,ATTACK = 1,p_attack,S2,data/unsw_nb15/processed/stage_2_3/v1/test_evaluation/unsw_s1_test_metrics.json,6cb059bff15743e1611ce80a20590e1c87bbcbc5c389feaf2610d15ac5fe7918
UNSW_NB15_BENCHMARK,BRANCH_B,OFFICIAL_TEST_ALL_ROWS,BASE-S2,Average Precision (AP),0.9848644789351858,0.5,sklearn.metrics.average_precision_score,ATTACK = 1,p_attack,S2,data/unsw_nb15/processed/stage_2_3/v1/test_evaluation/unsw_s2_test_metrics.json,f11c302561b5d723ed935002cc388b741ba1f6fb7dc85f1083d51f8f8b67780d
UNSW_NB15_BENCHMARK,BRANCH_B,OFFICIAL_TEST_ALL_ROWS,BASE-S2,ROC-AUC,0.9790606653375338,0.5,sklearn.metrics.roc_auc_score,ATTACK = 1,p_attack,S2,data/unsw_nb15/processed/stage_2_3/v1/test_evaluation/unsw_s2_test_metrics.json,f11c302561b5d723ed935002cc388b741ba1f6fb7dc85f1083d51f8f8b67780d
UNSW_NB15_BENCHMARK,BRANCH_B,OFFICIAL_TEST_ALL_ROWS,BASE-S2,Accuracy,0.8335641063013166,0.5,source-artifact-value,ATTACK = 1,p_attack,S2,data/unsw_nb15/processed/stage_2_3/v1/test_evaluation/unsw_s2_test_metrics.json,f11c302561b5d723ed935002cc388b741ba1f6fb7dc85f1083d51f8f8b67780d
UNSW_NB15_BENCHMARK,BRANCH_B,OFFICIAL_TEST_ALL_ROWS,BASE-S2,Precision,0.7722179189258972,0.5,source-artifact-value,ATTACK = 1,p_attack,S2,data/unsw_nb15/processed/stage_2_3/v1/test_evaluation/unsw_s2_test_metrics.json,f11c302561b5d723ed935002cc388b741ba1f6fb7dc85f1083d51f8f8b67780d
UNSW_NB15_BENCHMARK,BRANCH_B,OFFICIAL_TEST_ALL_ROWS,BASE-S2,Recall,0.9896320480014118,0.5,source-artifact-value,ATTACK = 1,p_attack,S2,data/unsw_nb15/processed/stage_2_3/v1/test_evaluation/unsw_s2_test_metrics.json,f11c302561b5d723ed935002cc388b741ba1f6fb7dc85f1083d51f8f8b67780d
UNSW_NB15_BENCHMARK,BRANCH_B,OFFICIAL_TEST_ALL_ROWS,BASE-S2,F1,0.8675104179759637,0.5,source-artifact-value,ATTACK = 1,p_attack,S2,data/unsw_nb15/processed/stage_2_3/v1/test_evaluation/unsw_s2_test_metrics.json,f11c302561b5d723ed935002cc388b741ba1f6fb7dc85f1083d51f8f8b67780d
UNSW_NB15_BENCHMARK,BRANCH_B,OFFICIAL_TEST_ALL_ROWS,BASE-S2,Row count,82332,0.5,source-artifact-value,ATTACK = 1,p_attack,S2,data/unsw_nb15/processed/stage_2_3/v1/test_evaluation/unsw_s2_test_metrics.json,f11c302561b5d723ed935002cc388b741ba1f6fb7dc85f1083d51f8f8b67780d
UNSW_NB15_BENCHMARK,BRANCH_B,OFFICIAL_TEST_ALL_ROWS,BASE-S2,Decision threshold,0.5,0.5,source-artifact-value,ATTACK = 1,p_attack,S2,data/unsw_nb15/processed/stage_2_3/v1/test_evaluation/unsw_s2_test_metrics.json,f11c302561b5d723ed935002cc388b741ba1f6fb7dc85f1083d51f8f8b67780d
UNSW_NB15_BENCHMARK,BRANCH_B,OFFICIAL_TEST_ALL_ROWS,BASE-S2,fn,470,0.5,source-artifact-value,ATTACK = 1,p_attack,S2,data/unsw_nb15/processed/stage_2_3/v1/test_evaluation/unsw_s2_test_metrics.json,f11c302561b5d723ed935002cc388b741ba1f6fb7dc85f1083d51f8f8b67780d
UNSW_NB15_BENCHMARK,BRANCH_B,OFFICIAL_TEST_ALL_ROWS,BASE-S2,fp,13233,0.5,source-artifact-value,ATTACK = 1,p_attack,S2,data/unsw_nb15/processed/stage_2_3/v1/test_evaluation/unsw_s2_test_metrics.json,f11c302561b5d723ed935002cc388b741ba1f6fb7dc85f1083d51f8f8b67780d
UNSW_NB15_BENCHMARK,BRANCH_B,OFFICIAL_TEST_ALL_ROWS,BASE-S2,tn,23767,0.5,source-artifact-value,ATTACK = 1,p_attack,S2,data/unsw_nb15/processed/stage_2_3/v1/test_evaluation/unsw_s2_test_metrics.json,f11c302561b5d723ed935002cc388b741ba1f6fb7dc85f1083d51f8f8b67780d
UNSW_NB15_BENCHMARK,BRANCH_B,OFFICIAL_TEST_ALL_ROWS,BASE-S2,tp,44862,0.5,source-artifact-value,ATTACK = 1,p_attack,S2,data/unsw_nb15/processed/stage_2_3/v1/test_evaluation/unsw_s2_test_metrics.json,f11c302561b5d723ed935002cc388b741ba1f6fb7dc85f1083d51f8f8b67780d
