category,item,value,scope_or_source
leakage,TRAIN SIGNAL POLICY,OOF / CROSS-FITTED,Stage 2.4 handoff
leakage,SAME-ROW FIT/SIGNAL OVERLAP,0,Stage 2.4B audit
leakage,SAME-GROUP FIT/SIGNAL OVERLAP,0,Stage 2.4B audit
leakage,FIT ACCOUNTING,28/28,Stage 2.4B
leakage,FRESH_EXECUTED,20,Stage 2.4B
leakage,VALIDATED_REUSED,0,Stage 2.4B
leakage,NOT_REQUIRED_BY_DEDUPLICATION,8,Stage 2.4B
leakage,UNRESOLVED,0,Stage 2.4B
leakage,SIGNAL COVERAGE,140273/140273,Stage 2.4B
leakage,FALLBACK / IMPUTED SIGNALS,0,Stage 2.4B
governance,SELECTION LOCK,VERIFIED,Stage 2.4D
governance,HUMAN TEST AUTHORIZATION,VERIFIED,Stage 2.4E
governance,TEST CONTRIBUTION TO FITTED STATE,NONE,Stage 2.4E
governance,POST-TEST TUNING,NONE,Stage 2.4E
governance,TEST NEWLY UNSEEN AT PROJECT LEVEL,NO,Stage 2.4 governance
governance,NO STATISTICAL SIGNIFICANCE CLAIM,YES,Claims contract
